Staff_ID,Staff_Name,Staff_Sername,Staff_Phone,Staff_Email,Staff_Rule,Staft_department
S001,Alva ,Adam,081-7222460,Adam@gmail.com,officer1,Callcenter
S002,Harley,Black,081-7222461,Harley@gmail.com,Manager,Maintenance
S003,Newton,Henri,081-7222462,Newton@gmail.com,officer2,Maintenance
S004,Timothy,pink,081-7222463,Timothy@gmail.com,officer3,Maintenance
S005,Marvin,white,081-7222464,Marvin@gmail.com,officer2,IT
S006,Ross,Live,081-7222465,RoseLive@gmail.com,officer2,Marketing
S007,Curtis,Orang,081-7222466,CTS@gmail.com,Manager,Callcenter
S008,Edmund,Brazilliz,081-7222467,EdmondBra@gmail.com,Manager,Marketing
S009,Jeff,Buffez,081-7222468,Jeff.B@gmail.com,officer1,Marketing